队名,投篮出手次数,投篮命中次数,投篮命中率,三分出手次数,三分命中次数,三分命中率,罚球出手次数,罚球命中次数,罚球命中率,篮板总数,前场篮板,后场篮板,助攻,抢断,盖帽,失误,犯规,得分
0.0,80.347560975609738,37.184146341463411,0.46279122713819537,17.312195121951216,6.2621951219512191,0.36172161172161177,24.546341463414638,18.299999999999997,0.745528616852146,44.032926829268305,11.726829268292683,32.579268292682926,22.26829268292683,7.2402439024390253,5.6134146341463413,13.456097560975611,20.126829268292681,98.557317073170722
1.0,66.656097560975596,30.131707317073179,0.4520472757876251,13.608536585365854,5.0878048780487797,0.37386862622098749,16.976829268292679,12.141463414634146,0.71517850729114296,37.535365853658533,11.036585365853657,26.328048780487812,18.587804878048779,5.6195121951219518,4.6780487804878046,10.830487804878047,13.859756097560975,77.453658536585351
2.0,81.658536585365852,35.719512195121951,0.43742532855436084,15.323170731707318,5.475609756097561,0.35734182252288099,21.086585365853662,16.330487804878054,0.77444913538835247,43.085365853658537,12.671951219512193,30.579268292682933,23.047560975609759,7.2085365853658541,5.0865853658536579,13.796341463414635,19.726829268292683,93.248780487804865
3.0,80.190243902439008,34.778048780487808,0.43369426364134084,17.819512195121948,6.1926829268292689,0.34752258417738852,23.148780487804874,18.134146341463413,0.78337372247392278,44.140243902439018,11.281707317073169,32.695121951219505,22.828048780487809,7.3085365853658537,5.2573170731707313,13.932926829268292,19.148780487804871,93.629268292682937
4.0,83.042682926829258,36.617073170731715,0.44094280049930257,22.130487804878047,7.9158536585365855,0.3576899763046234,25.35731707317073,19.739024390243902,0.7784350502572982,45.58536585365853,11.718292682926831,34.128048780487802,21.79512195121951,6.3439024390243901,5.8890243902439012,13.20121951219512,18.260975609756095,100.63780487804878
5.0,87.371951219512212,38.695121951219512,0.44287807941935925,21.37439024390244,8.1243902439024378,0.38009927540366284,20.904878048780489,16.626829268292681,0.795356434488391,46.300000000000011,11.181707317073171,35.368292682926835,22.824390243902439,6.0585365853658546,5.7451219512195122,13.471951219512194,19.010975609756102,101.71097560975609
6.0,87.073170731707336,38.618292682926821,0.44351540616246482,22.258536585365849,7.5926829268292702,0.34111330265176432,22.514634146341464,17.804878048780484,0.79081356299425831,46.198780487804868,12.33292682926829,34.221951219512185,22.55243902439025,7.8402439024390249,4.807317073170732,12.923170731707316,17.8890243902439,102.94999999999999
7.0,81.142682926829266,35.336585365853665,0.43548702225829244,18.335365853658537,6.1817073170731716,0.33714665779847025,25.231707317073177,18.871951219512194,0.7479458675688736,40.291463414634144,10.528048780487804,29.970731707317071,21.012195121951223,6.5621951219512198,4.1048780487804875,13.803658536585367,19.991463414634147,95.359756097560975
8.0,65.307317073170722,27.619512195121953,0.42291604421870338,15.567073170731705,5.3524390243902431,0.3438307873090482,20.162195121951218,14.420731707317074,0.71523619427811058,34.010975609756095,10.317073170731707,23.821951219512197,16.058536585365854,5.782926829268292,3.1853658536585359,11.797560975609754,16.112195121951221,74.89756097560975
9.0,84.113414634146338,36.462195121951218,0.43348846650138462,19.223170731707313,6.5365853658536581,0.3400367950263275,22.219512195121951,16.885365853658538,0.75993413830955003,41.058536585365857,12.362195121951222,28.836585365853654,20.585365853658534,8.0609756097560954,4.3634146341463413,13.482926829268292,21.251219512195121,96.526829268292687
10.0,84.768292682926827,36.925609756097565,0.43560638757013387,19.991463414634147,7.1207317073170726,0.35618861709266147,22.77682926829268,17.074390243902435,0.74963859292177537,44.112195121951224,12.124390243902436,32.063414634146341,21.331707317073171,7.2024390243902436,3.6317073170731713,13.603658536585364,20.178048780487803,98.223170731707299
11.0,82.343902439024404,37.726829268292704,0.45816178430733706,27.396341463414629,10.001219512195119,0.36505675495214773,23.635365853658531,17.695121951219512,0.74867137918580073,42.937804878048787,11.091463414634141,31.886585365853655,22.019512195121948,7.3634146341463422,4.036585365853659,13.509756097560976,18.492682926829264,103.2951219512195
12.0,83.929268292682934,38.580487804878054,0.45967859114817938,29.490243902439023,10.789024390243902,0.36585063270200979,21.848780487804881,16.300000000000001,0.74603706184416163,44.397560975609757,10.65853658536585,33.986585365853657,22.706097560975611,6.8792682926829265,3.8695121951219522,12.857317073170732,20.251219512195121,104.27317073170731
13.0,84.880487804878044,39.906097560975603,0.47014453607654949,33.802439024390253,13.090243902439024,0.38725737787719161,23.391463414634142,17.434146341463414,0.74532089046452232,43.886585365853669,9.446341463414635,34.360975609756096,22.624390243902443,6.4682926829268279,4.0756097560975606,13.139024390243902,18.250000000000004,110.48292682926828
14.0,80.970731707317071,37.293902439024386,0.46058497499849382,15.300000000000001,5.7353658536585375,0.3748605133110155,22.646341463414632,16.81219512195122,0.74238018309100706,38.654878048780489,11.423170731707316,27.328048780487805,21.173170731707316,7.3256097560975615,4.0670731707317067,12.280487804878049,19.95487804878049,97.13170731707315
15.0,63.881707317073179,27.940243902439018,0.43737472080636836,11.258536585365853,3.8378048780487806,0.34087954939341425,17.737804878048781,13.549999999999999,0.76390512203506356,32.443902439024392,9.4207317073170724,22.963414634146343,14.93048780487805,5.5865853658536588,3.4024390243902443,11.68780487804878,15.690243902439024,73.198780487804882
16.0,80.801219512195132,36.348780487804881,0.44985435501154591,17.587804878048779,6.2548780487804878,0.35563722091249483,22.826829268292688,15.882926829268289,0.69580083342237387,42.137804878048769,12.058536585365854,30.101219512195119,21.367073170731704,7.0499999999999998,4.9975609756097557,14.630487804878049,19.76829268292683,94.800000000000011
17.0,87.03902439024391,38.807317073170736,0.44586112200863087,19.154878048780489,6.0719512195121963,0.316992423760107,25.680487804878055,17.257317073170732,0.67200113970937392,45.546341463414628,14.413414634146346,30.692682926829267,20.930487804878055,8.2780487804878042,4.8402439024390249,14.063414634146342,20.442682926829271,101.06585365853657
18.0,85.943902439024384,37.140243902439039,0.4321451882963932,24.887804878048783,8.6463414634146325,0.3474127793022343,22.501219512195124,15.676829268292684,0.69671020540892092,44.930487804878034,12.834146341463411,31.865853658536594,21.582926829268288,7.6000000000000005,4.6878048780487802,12.715853658536584,19.064634146341465,98.480487804878067
19.0,86.229268292682931,37.942682926829264,0.44002093115347618,26.147560975609757,9.1085365853658562,0.34835128958537392,25.560975609756092,17.109756097560972,0.66937022900763354,46.28902439024391,12.325609756097561,33.890243902439025,19.265853658536589,6.9987804878048792,3.6353658536585365,12.99268292682927,18.957317073170728,101.72804878048778
20.0,88.629268292682909,39.936585365853652,0.45060267488579453,23.323170731707318,7.6646341463414629,0.32862745098039214,19.414634146341466,13.896341463414634,0.7157663316582914,45.802439024390239,11.295121951219512,34.5890243902439,21.09756097560976,7.029268292682926,3.7695121951219508,11.407317073170733,17.852439024390247,101.39756097560974
21.0,82.856097560975599,36.586585365853658,0.44156780783609556,20.204878048780483,7.1402439024390238,0.35339208112023185,24.86585365853659,19.432926829268297,0.78151054438450218,43.431707317073169,11.174390243902437,32.471951219512192,19.602439024390243,7.1048780487804883,5.6573170731707316,14.782926829268291,21.904878048780485,99.93780487804878
22.0,65.628048780487802,28.719512195121951,0.43761033169190749,12.889024390243902,4.8268292682926832,0.37449143722206457,21.126829268292678,16.425609756097558,0.77747633341029787,35.390243902439018,10.114634146341462,25.275609756097566,15.104878048780488,6.418292682926829,4.2548780487804878,10.730487804878047,17.420731707317071,78.693902439024413
23.0,79.625609756097546,34.756097560975604,0.4364939580046866,19.353658536585368,6.8890243902439021,0.35595463137996214,23.337804878048775,17.578048780487805,0.7532006061556149,45.275609756097552,12.704878048780486,32.53170731707317,19.932926829268286,7.0963414634146353,6.0317073170731703,14.490243902439024,19.803658536585363,93.57926829268294
24.0,80.106097560975613,35.965853658536567,0.44897772770867878,18.826829268292681,6.7451219512195131,0.35827179686487898,23.229268292682928,18.243902439024385,0.78538429231415341,44.691463414634136,10.104878048780487,34.370731707317077,20.002439024390238,6.8036585365853659,5.3500000000000005,14.541463414634146,20.398780487804878,96.712195121951211
25.0,83.079268292682926,36.613414634146345,0.44070458715596333,21.169512195121957,7.4963414634146339,0.35411025980759248,22.120731707317074,16.702439024390245,0.75505816197144271,44.876829268292681,10.541463414634144,34.596341463414632,21.409756097560976,6.0743902439024398,4.5451219512195129,13.38170731707317,21.287804878048778,97.470731707317086
26.0,85.163414634146335,38.335365853658537,0.45013890082194924,22.942682926829267,8.0463414634146346,0.35071493116462027,22.702439024390241,17.517073170731706,0.77159432746024925,44.164634146341477,10.29878048780488,33.789024390243895,21.350000000000001,9.017073170731706,4.8317073170731701,14.440243902439027,19.881707317073172,102.09878048780487
27.0,84.524390243902431,39.369512195121956,0.46577694416390142,22.923170731707319,8.614634146341464,0.37580464967814009,22.019512195121955,17.981707317073166,0.81662605228178964,42.1609756097561,9.0719512195121954,33.032926829268291,22.424390243902437,8.1317073170731717,4.9621951219512175,13.184146341463412,19.347560975609763,105.15243902439023
28.0,79.831707317073182,34.329268292682926,0.43002046989092901,17.228048780487804,5.8378048780487815,0.33885467544418496,22.856097560975609,17.449999999999999,0.76347241489702267,40.803658536585367,10.76829268292683,30.124390243902443,18.885365853658534,7.6329268292682917,4.9951219512195113,12.528048780487804,20.717073170731709,91.828048780487777
29.0,69.009756097560981,30.495121951219513,0.44189580829857916,15.46463414634146,5.3902439024390238,0.34855295323712643,17.242682926829268,13.28780487804878,0.77063441544663691,34.182926829268297,9.9487804878048802,24.247560975609751,18.859756097560975,6.6902439024390246,3.9963414634146348,10.951219512195124,15.597560975609756,79.679268292682934
30.0,87.612195121951245,38.14756097560975,0.43541382478216067,20.293902439024389,7.2756097560975608,0.35851210864731686,20.859756097560975,15.253658536585366,0.73124817304881617,44.006097560975597,12.86829268292683,30.90243902439024,22.789024390243902,8.3585365853658544,6.6719512195121951,13.586585365853662,18.852439024390243,99.029268292682914
31.0,82.134146341463406,35.907317073170724,0.43717891610987375,18.901219512195123,6.6719512195121951,0.35299051551713012,22.498780487804876,16.797560975609755,0.74659873163857127,41.048780487804869,11.803658536585369,29.264634146341457,21.48170731707317,6.5207317073170721,4.9597560975609758,14.273170731707316,20.741463414634143,95.378048780487816
32.0,81.936585365853688,37.586585365853651,0.45872774900279784,18.298780487804876,6.7024390243902436,0.36627790736421195,21.145121951219515,16.118292682926828,0.7622700271065227,42.092682926829269,10.678048780487803,31.512195121951219,23.651219512195123,9.5573170731707293,4.9292682926829263,15.932926829268297,22.108536585365854,97.934146341463418
33.0,82.267073170731734,38.339024390243893,0.46603121896262889,15.619512195121953,5.3902439024390247,0.34509681449094315,22.667073170731708,17.052439024390246,0.75229999461989572,41.751219512195114,10.503658536585364,31.292682926829269,23.219512195121947,8.2024390243902445,5.6695121951219507,14.656097560975612,20.629268292682926,99.075609756097549
34.0,82.025609756097552,38.829268292682926,0.47337981891437836,23.765853658536585,8.732926829268294,0.3674568965517242,22.54024390243902,17.348780487804877,0.76968024671319601,40.380487804878051,8.864634146341464,31.5,24.149999999999999,8.0865853658536579,5.4207317073170724,13.335365853658539,20.390243902439021,103.5219512195122
35.0,79.693902439024384,35.780487804878057,0.44897397052747567,21.485365853658539,7.7182926829268297,0.35923487342490634,23.774390243902431,17.431707317073172,0.73321364452423732,42.709756097560984,12.778048780487802,30.012195121951216,20.042682926829269,7.1926829268292662,5.0097560975609747,13.97073170731707,18.412195121951225,96.881707317073207
36.0,77.886585365853648,35.674390243902437,0.45802996852834799,23.382926829268289,8.652439024390242,0.37003233545426095,24.440243902439025,18.313414634146341,0.74931390649169194,37.960975609756098,8.6097560975609753,29.378048780487806,20.841463414634156,8.5341463414634156,3.6365853658536587,13.882926829268294,21.680487804878052,98.453658536585365
37.0,82.913414634146349,37.342682926829262,0.45038167938931284,19.797560975609755,6.6731707317073168,0.33707034618701492,22.221951219512192,16.591463414634148,0.74662495884096169,42.373170731707319,10.240243902439023,32.018292682926827,21.039024390243899,6.9926829268292678,4.3158536585365859,13.404878048780485,19.239024390243898,98.101219512195087
38.0,84.395121951219494,38.184146341463418,0.45244494537887997,18.356097560975606,6.4487804878048784,0.35131543980866342,20.647560975609753,15.686585365853658,0.75973067154922924,42.324390243902442,10.647560975609757,31.869512195121949,22.458536585365852,7.5792682926829267,4.1731707317073177,14.475609756097558,18.054878048780484,98.757317073170711
39.0,85.245121951219517,37.909756097560972,0.44471466788744074,31.578048780487801,10.750000000000002,0.34042635359542761,24.496341463414634,19.289024390243899,0.78742470254393371,43.871951219512191,8.614634146341464,35.175609756097565,21.263414634146336,7.3097560975609763,4.8451219512195118,15.980487804878049,21.059756097560975,105.73658536585364
40.0,75.837804878048786,36.907317073170731,0.48666119928602436,13.645121951219512,4.9024390243902438,0.3592814371257485,23.089024390243896,17.728048780487804,0.7678128136058735,38.731707317073152,7.774390243902439,31.084146341463409,23.474390243902437,8.2621951219512173,4.2182926829268297,13.571951219512194,20.506097560975615,96.560975609756085
41.0,62.051219512195111,28.493902439024392,0.4591997169922567,12.117073170731707,4.4268292682926838,0.3653381642512078,15.945121951219509,12.381707317073172,0.77652007648183574,31.150000000000006,6.2439024390243887,25.070731707317073,18.990243902439019,6.0926829268292684,4.3097560975609763,11.282926829268293,16.034146341463416,74.028048780487808
42.0,78.825609756097535,36.608536585365854,0.46442440088494225,16.834146341463416,6.0621951219512198,0.36011301072152996,20.890243902439021,15.954878048780488,0.76374781085814369,38.742682926829268,7.9817073170731714,30.792682926829269,22.463414634146339,7.9621951219512201,4.4304878048780472,13.714634146341464,20.910975609756097,95.332926829268288
43.0,84.035365853658575,36.449999999999996,0.43374595480996653,20.952439024390245,7.0048780487804896,0.33432279844013746,20.663414634146346,16.130487804878051,0.78063031161473084,42.457317073170735,12.041463414634146,30.639024390243893,21.146341463414632,7.1646341463414638,4.3329268292682928,14.423170731707318,21.249999999999996,96.296341463414606
44.0,87.913414634146321,38.8670731707317,0.44210628528624341,24.792682926829269,8.0097560975609756,0.32306935563207084,20.454878048780483,15.581707317073171,0.76175997138257934,43.87560975609756,11.10487804878049,32.820731707317073,24.546341463414635,8.3134146341463406,3.5463414634146342,13.147560975609755,21.098780487804877,101.47560975609757
45.0,89.343902439024376,39.154878048780489,0.43824902405066757,26.208536585365852,8.6987804878048784,0.33190637941463874,23.49512195121951,18.653658536585365,0.79393750648811379,44.980487804878045,11.597560975609756,33.320731707317066,24.013414634146343,9.2634146341463417,4.3207317073170737,13.581707317073171,21.95487804878049,105.66097560975609
46.0,85.207317073170714,38.721951219512199,0.45444396736796921,33.463414634146339,12.064634146341461,0.36053206997084547,23.310975609756103,18.663414634146342,0.80062777923097028,42.069512195121952,9.1780487804878046,32.713414634146339,25.342682926829266,7.376829268292683,4.065853658536585,12.701219512195122,20.478048780487807,107.95365853658537
47.0,83.690243902439008,38.212195121951225,0.45659079649112599,25.399999999999991,9.2743902439024382,0.36513347416938746,25.471951219512192,20.630487804878044,0.80992962129554258,40.525609756097573,10.265853658536587,30.143902439024394,21.376829268292674,7.5463414634146355,5.7658536585365843,13.289024390243904,21.289024390243906,106.59146341463415
48.0,64.996341463414637,28.808536585365857,0.44323320261928439,18.659756097560976,6.2914634146341468,0.33716750539180446,19.945121951219512,14.915853658536586,0.74784469581167834,33.678048780487806,9.0707317073170728,24.598780487804873,16.279268292682925,7.5207317073170739,3.3536585365853653,12.204878048780488,16.8890243902439,78.685365853658539
49.0,81.562195121951206,36.62439024390244,0.44903634814072763,28.898780487804878,10.770731707317072,0.37270540574756295,20.952439024390241,16.002439024390242,0.76375065479308535,40.664634146341463,10.912195121951218,29.740243902439023,19.234146341463411,8.1743902439024385,3.515853658536586,11.509756097560979,20.085365853658534,99.943902439024384
50.0,82.192682926829292,36.930487804878048,0.44931600344223849,24.845121951219518,9.3256097560975633,0.37534972758062141,20.501219512195121,15.547560975609752,0.7583724942002259,40.403658536585368,10.506097560975611,29.715853658536588,20.014634146341468,7.6329268292682926,4.5280487804878051,12.564634146341465,22.043902439024393,98.63048780487803
51.0,81.991463414634126,35.176829268292678,0.42903038686359385,19.768292682926827,6.8914634146341465,0.34861196792103644,19.086585365853662,14.623170731707317,0.76614912785125544,40.380487804878051,10.731707317073171,29.9329268292683,21.278048780487808,7.0621951219512189,4.5865853658536579,13.909756097560972,21.674390243902444,91.942682926829249
52.0,84.115853658536579,36.98536585365855,0.43969554186299403,21.376829268292681,7.5317073170731712,0.35233042386901708,21.304878048780491,17.120731707317074,0.80360618202633072,44.181707317073183,10.352439024390241,34.096341463414639,20.441463414634146,5.860975609756097,5.7329268292682922,12.565853658536586,19.714634146341467,98.418292682926833
53.0,88.508536585365846,39.503658536585377,0.4463259710376567,24.625609756097564,8.5341463414634156,0.34655573713663151,21.132926829268293,16.635365853658538,0.78717756362167468,45.278048780487815,12.004878048780487,33.287804878048782,21.725609756097562,7.2243902439024374,5.5975609756097553,13.332926829268294,20.281707317073167,104.41707317073167
54.0,82.532926829268305,38.184146341463403,0.46265348641340465,15.369512195121953,5.5097560975609747,0.35848607474410843,22.489024390243895,17.429268292682924,0.77501220107369462,41.684146341463418,10.301219512195122,31.423170731707319,22.790243902439023,7.6012195121951214,4.4439024390243906,12.232926829268292,19.546341463414635,99.013414634146315
55.0,67.281707317073156,30.059756097560975,0.44677457359844852,11.749999999999998,4.3158536585365859,0.3673066943435393,14.641463414634149,10.893902439024389,0.74404464434449424,34.775609756097559,8.6170731707317092,26.193902439024388,17.79024390243902,6.3426829268292693,4.1780487804878037,8.6317073170731717,14.078048780487807,75.258536585365874
56.0,84.056097560975616,37.401219512195119,0.44495545947828097,17.623170731707319,6.360975609756097,0.36094387931631022,16.85243902439025,12.179268292682925,0.72270062956798575,41.260975609756102,10.821951219512192,30.485365853658539,22.619512195121953,7.5292682926829269,4.6621951219512185,12.546341463414635,18.279268292682929,93.056097560975616
57.0,87.157317073170717,38.030487804878042,0.43634302984510764,22.601219512195119,7.0060975609756087,0.3099875897048508,23.28536585365854,16.708536585365849,0.71755525295904443,42.699999999999996,11.442682926829269,31.193902439024388,21.85365853658536,9.3365853658536579,4.1109756097560979,16.387804878048783,22.459756097560977,99.441463414634143
58.0,82.718292682926844,33.831707317073175,0.40899910067965028,26.263414634146343,8.463414634146341,0.32225111441307575,23.918292682926833,16.215853658536584,0.67796869423341644,42.841463414634148,11.947560975609756,30.890243902439032,20.491463414634143,9.5987804878048752,5.9439024390243906,16.868292682926825,21.668292682926833,91.973170731707299
59.0,83.981707317073173,36.323170731707314,0.43251288753358014,27.512195121951216,9.3451219512195109,0.33967198581560282,22.518292682926834,15.621951219512194,0.69374492282696976,41.248780487804872,9.5182926829268268,31.797560975609755,21.489024390243902,8.3524390243902449,6.1146341463414631,15.531707317073172,21.674390243902444,97.384146341463421
60.0,85.092682926829255,37.673170731707323,0.44273102499426753,29.797560975609752,10.107317073170732,0.33919947613980522,22.076829268292684,16.930487804878048,0.76688946583439199,42.849999999999994,9.9536585365853654,33.09024390243902,23.791463414634144,8.5560975609756085,5.0926829268292675,16.235365853658536,21.778048780487808,102.44634146341461
61.0,82.474390243902448,38.552439024390246,0.46744739682680503,13.268292682926829,4.2146341463414627,0.31764705882352939,24.112195121951224,18.241463414634151,0.75652437790815297,40.264634146341457,11.62560975609756,28.57195121951219,21.895121951219515,7.1280487804878048,4.2719512195121947,14.06707317073171,21.989024390243902,99.060975609756113
62.0,62.864634146341452,27.649999999999995,0.43983394440241325,13.193902439024388,4.4524390243902445,0.33746187263148175,17.297560975609752,13.278048780487804,0.76762549351381848,33.676829268292686,8.5463414634146329,25.312195121951223,16.819512195121956,5.2231707317073175,4.0512195121951224,11.632926829268293,18.810975609756103,73.045121951219514
63.0,81.581707317073182,36.223170731707306,0.44401094219471704,20.445121951219516,7.0304878048780486,0.34387116015508495,22.33902439024391,17.595121951219511,0.78764057211485938,40.257317073170718,10.597560975609756,29.491463414634147,21.543902439024397,7.2414634146341461,4.8829268292682917,13.1,22.321951219512197,97.131707317073236
64.0,81.839024390243907,36.407317073170738,0.44486499374143179,23.332926829268295,8.7829268292682912,0.37641770762556825,25.073170731707318,19.748780487804879,0.78764591439688714,42.626829268292688,11.247560975609755,31.134146341463417,21.186585365853659,6.9597560975609767,4.2182926829268279,13.504878048780489,22.980487804878049,101.36829268292682
65.0,83.2951219512195,38.051219512195125,0.45682410471142876,25.206097560975611,8.926829268292682,0.35415356330736847,24.640243902439025,19.39268292682927,0.78703291264538489,41.642682926829274,10.829268292682928,30.876829268292685,20.902439024390247,7.4670731707317071,4.2902439024390242,12.379268292682928,20.892682926829274,103.97073170731709
66.0,81.396341463414643,36.645121951219508,0.45020600794066962,23.323170731707314,8.7426829268292678,0.37484967320261442,26.790243902439023,20.885365853658541,0.77958849235251293,43.307317073170736,10.204878048780488,33.242682926829268,18.765853658536589,7.7195121951219505,5.4560975609756097,12.06951219512195,19.368292682926832,102.73292682926828
67.0,84.390243902439025,39.196341463414633,0.46446531791907514,24.296341463414635,8.7451219512195113,0.35993575264769356,24.679268292682924,19.901219512195123,0.80639422839353669,43.301219512195125,10.559756097560976,32.682926829268297,18.439024390243905,8.3158536585365841,5.057317073170732,11.821951219512197,20.830487804878047,107.02804878048781
68.0,78.36097560975611,36.242682926829261,0.46250933764940222,17.519512195121951,6.1475609756097569,0.35089795350132263,21.069512195121948,16.457317073170735,0.78109625513688741,39.242682926829282,9.2890243902439043,30.06219512195122,22.024390243902438,6.1182926829268292,4.2939024390243903,12.75609756097561,18.925609756097558,95.045121951219485
69.0,65.078048780487791,29.530487804878046,0.45377033205906608,16.304878048780488,5.9695121951219514,0.36611817501869859,16.987804878048784,12.432926829268292,0.73187365398420656,33.237804878048784,8.0097560975609774,25.163414634146346,18.178048780487806,6.4365853658536594,3.6182926829268292,10.579268292682926,14.510975609756096,77.7951219512195
70.0,81.079268292682954,37.520731707317083,0.4627660374520568,23.217073170731709,8.5048780487804887,0.36631999159575585,19.736585365853664,14.204878048780488,0.71972318339100327,41.039024390243902,9.2792682926829286,31.628048780487802,24.398780487804874,8.0475609756097573,4.6256097560975604,14.271951219512196,18.045121951219514,97.986585365853628
71.0,81.579268292682926,37.49634146341463,0.45963076463113833,25.856097560975609,9.2451219512195113,0.35756060748985941,21.826829268292684,16.96829268292683,0.7774052966811934,40.018292682926834,8.7097560975609749,31.365853658536579,24.797560975609755,8.3000000000000007,3.9475609756097558,14.343902439024392,19.234146341463411,100.94512195121949
72.0,81.660975609756107,38.098780487804859,0.46654819151160332,26.229268292682924,9.9219512195121951,0.37827785010228754,21.198780487804875,16.507317073170732,0.77869182534660319,40.592682926829262,8.6987804878048784,31.9780487804878,25.643902439024391,9.0268292682926834,4.5292682926829269,13.432926829268292,17.798780487804876,102.50853658536586
73.0,84.464634146341496,38.741463414634147,0.45867082485092603,28.48292682926829,10.052439024390246,0.35292858366158597,19.901219512195119,15.698780487804878,0.78883510018996272,42.218292682926823,8.2475609756097565,33.813414634146341,25.629268292682926,9.0634146341463424,5.8768292682926848,14.704878048780484,19.110975609756096,102.85365853658539
74.0,84.390243902439011,37.984146341463415,0.45010115606936424,26.025609756097563,9.0670731707317067,0.34839042219202471,24.847560975609749,18.181707317073165,0.73173006134969321,44.379268292682937,10.190243902439024,33.958536585365856,23.560975609756103,8.0304878048780495,4.8451219512195118,15.207317073170735,18.203658536585365,103.30243902439024
75.0,77.602439024390264,34.958536585365856,0.45048244649086955,14.79268292682927,4.8243902439024389,0.32613355317394882,24.436585365853659,18.480487804878042,0.75626310010979103,39.915853658536577,10.354878048780488,29.80243902439025,21.001219512195117,6.4073170731707316,5.2597560975609756,13.60731707317073,19.985365853658536,93.408536585365837
76.0,64.53170731707317,26.764634146341461,0.41475168191095318,10.89268292682927,3.2353658536585366,0.29702194357366768,17.823170731707318,13.254878048780489,0.7436879917892576,31.248780487804876,8.4524390243902427,23.074390243902439,16.096341463414635,4.7902439024390233,4.3926829268292691,10.845121951219511,15.258536585365851,70.019512195121962
77.0,81.106097560975641,34.332926829268295,0.42330882463500069,17.051219512195122,5.6914634146341463,0.33378629666714349,25.078048780487805,18.926829268292682,0.75471698113207542,40.379268292682923,11.084146341463413,29.262195121951223,19.303658536585367,7.2658536585365869,5.8353658536585371,13.085365853658537,19.035365853658533,93.287804878048775
78.0,82.151219512195141,36.380487804878044,0.44284781188765499,17.896341463414632,6.1878048780487811,0.34575809199318575,24.424390243902437,17.998780487804879,0.7369183143598963,42.589024390243914,9.401219512195123,33.286585365853654,21.619512195121949,6.1341463414634152,5.0012195121951217,11.745121951219511,18.231707317073173,96.819512195121931
79.0,84.467073170731723,35.518292682926834,0.42049867894835624,19.081707317073167,6.1170731707317065,0.32057263373170575,22.675609756097565,17.012195121951219,0.75024201355275877,43.87560975609756,10.03780487804878,34.141463414634146,20.232926829268294,6.0402439024390251,5.4707317073170723,11.151219512195121,18.246341463414634,94.081707317073182
80.0,84.352439024390222,37.09390243902439,0.43974902051497067,29.334146341463416,10.552439024390244,0.35973226906127875,23.568292682926828,18.685365853658535,0.79281796543516503,43.778048780487794,9.0792682926829258,35.02682926829268,21.801219512195118,7.2658536585365869,5.4195121951219516,11.823170731707314,18.157317073170734,103.44634146341464
81.0,85.323170731707322,37.685365853658539,0.44167798184806689,28.664634146341459,10.014634146341463,0.34937247394171456,23.992682926829271,19.413414634146338,0.80913896513164563,43.653658536585361,8.9048780487804873,34.620731707317077,23.146341463414632,6.9365853658536576,4.8304878048780484,10.739024390243904,16.574390243902435,104.96585365853656
82.0,76.71829268292683,36.996341463414645,0.48223624600613596,17.898780487804878,6.6670731707317072,0.37248756557879675,27.893902439024387,21.536585365853657,0.77208936300441577,42.126829268292703,9.5999999999999996,32.646341463414629,19.946341463414633,6.7939024390243903,5.0475609756097555,13.23292682926829,20.454878048780493,102.05
83.0,63.702439024390245,29.784146341463408,0.4675511141741327,12.553658536585363,4.6109756097560979,0.36730134058674968,19.576829268292684,15.162195121951218,0.77449697875786438,33.440243902439015,8.3890243902439021,24.997560975609748,16.128048780487806,7.1634146341463403,4.3499999999999996,11.800000000000001,15.535365853658536,79.230487804878081
84.0,77.270731707317054,38.395121951219515,0.49689088096966655,22.08048780487805,8.6987804878048767,0.39395780404285863,23.059756097560982,17.486585365853664,0.75831614575070072,38.636585365853662,8.1414634146341474,30.418292682926829,23.085365853658534,8.7146341463414601,5.585365853658538,13.299999999999999,18.560975609756092,102.91463414634148
85.0,76.578048780487833,38.340243902439035,0.5006688537121381,22.346341463414632,8.0695121951219519,0.36111111111111116,22.896341463414629,17.381707317073168,0.75914780292942752,36.897560975609757,7.7085365853658532,29.308536585365854,22.695121951219505,8.8304878048780466,4.3329268292682928,14.167073170731706,19.503658536585363,102.14268292682929
86.0,77.30609756097563,35.068292682926824,0.45362906406272163,20.245121951219513,6.8365853658536588,0.33769050057225469,23.763414634146336,17.658536585365852,0.74309760853946427,39.063414634146348,8.9841463414634148,29.949999999999992,19.658536585365852,7.7390243902439044,4.5524390243902451,13.945121951219511,19.923170731707319,94.717073170731709
87.0,81.703658536585365,38.480487804878059,0.47097631237219589,18.086585365853658,6.0731707317073171,0.33578315690108557,23.086585365853654,17.168292682926833,0.74364798478685779,44.189024390243908,9.9890243902439,34.378048780487809,20.74512195121951,6.823170731707318,6.5231707317073182,13.28170731707317,18.4109756097561,99.967073170731695
88.0,85.799999999999997,38.936585365853652,0.45380635624538057,27.121951219512194,9.7634146341463399,0.35998201438848915,21.50975609756097,15.318292682926828,0.71215557319423983,43.551219512195132,10.640243902439023,32.976829268292676,21.15975609756098,7.2390243902439018,5.8109756097560989,12.548780487804876,20.387804878048779,103.21951219512196
89.0,78.104878048780478,35.979268292682924,0.46065328045467324,25.590243902439028,9.4048780487804891,0.36751810903545556,25.595121951219511,17.763414634146343,0.69401562797789229,43.168292682926833,10.565853658536588,32.534146341463419,20.025609756097566,6.7926829268292686,4.7524390243902426,14.557317073170733,20.047560975609759,99.235365853658521
90.0,62.928048780487799,27.60243902439025,0.43863491017615952,21.730487804878049,8.1036585365853675,0.37291654975026667,18.268292682926827,12.247560975609755,0.67042723631508683,34.210975609756105,9.1817073170731707,25.119512195121956,16.130487804878047,5.5463414634146346,3.2451219512195122,11.281707317073174,14.180487804878052,75.904878048780503
91.0,83.087804878048743,37.391463414634138,0.45002348382551527,18.551219512195122,6.0548780487804894,0.32638706284512237,16.503658536585366,12.423170731707318,0.75275253085051363,42.256097560975604,10.671951219512195,31.55365853658537,22.447560975609758,6.3634146341463405,4.2402439024390253,13.840243902439029,19.285365853658536,93.208536585365863
92.0,82.660975609756093,36.936585365853659,0.44684429494556083,19.423170731707316,6.8597560975609744,0.35317385571670745,20.974390243902441,15.909756097560976,0.75853247281818703,42.14756097560975,9.5743902439024389,32.43780487804878,20.962195121951218,7.7548780487804878,4.3182926829268302,14.220731707317071,20.471951219512199,96.40609756097561
93.0,82.80365853658536,37.525609756097552,0.45318782309017797,19.29878048780488,6.696341463414635,0.34698262243285943,18.98658536585366,13.771951219512196,0.72535166035069687,41.758536585365846,10.071951219512197,31.857317073170744,20.785365853658533,7.8658536585365857,3.723170731707317,14.319512195121954,21.078048780487805,95.657317073170731
94.0,86.876829268292667,39.478048780487804,0.45441401479526672,22.084146341463416,7.7329268292682922,0.35015738030813404,20.135365853658538,15.098780487804877,0.74986372721216155,43.330487804878054,10.401219512195121,33.002439024390249,23.497560975609755,8.2292682926829261,5.2219512195121958,13.575609756097563,20.809756097560982,102.25000000000003
95.0,86.981707317073173,38.168292682926833,0.43880827199439187,26.024390243902435,8.6268292682926813,0.33149015932521086,21.457317073170731,16.012195121951219,0.74623472577436767,43.135365853658527,9.8585365853658491,33.202439024390245,22.362195121951213,7.0890243902439023,4.7609756097560973,13.085365853658537,19.391463414634138,101.10609756097561
96.0,84.041463414634123,37.142682926829266,0.44195664161128373,14.402439024390246,4.7365853658536574,0.32887383573243001,24.459756097560984,18.152439024390237,0.74213491549085053,41.292682926829272,12.395121951219512,28.96097560975609,19.413414634146349,8.0499999999999989,6.0451219512195102,14.75731707317073,22.496341463414627,97.279268292682929
97.0,66.71829268292683,29.58048780487805,0.44336398033230368,13.109756097560975,4.1426829268292691,0.31600000000000006,16.953658536585365,12.325609756097561,0.72701769529564098,33.407317073170731,9.4829268292682904,24.092682926829266,15.371951219512194,6.4573170731707332,5.25,11.884146341463413,17.212195121951222,75.406097560975624
98.0,81.708536585365849,35.589024390243907,0.43556066327368254,18.17804878048781,6.5719512195121945,0.36153226888501261,21.245121951219517,15.578048780487805,0.73325297055278094,43.318292682926831,10.925609756097561,32.246341463414637,21.592682926829273,7.3573170731707318,4.5134146341463408,14.625609756097559,20.460975609756098,93.181707317073162
99.0,84.459756097560984,38.898780487804871,0.46055994339922307,20.792682926829269,7.8707317073170726,0.3785337243401759,20.908536585365852,15.170731707317071,0.72557596967045779,42.169512195121946,10.857317073170734,31.424390243902437,23.289024390243906,8.1853658536585368,4.5548780487804885,14.19390243902439,20.371951219512194,100.58780487804879
100.0,82.989024390243884,38.409756097560972,0.46282934857680275,16.776829268292683,6.0414634146341459,0.36010758159482442,21.398780487804874,15.903658536585365,0.74320396648999831,44.434146341463418,10.579268292682926,34.1329268292683,23.998780487804883,7.2243902439024401,4.5024390243902435,14.330487804878047,20.87560975609756,98.581707317073182
101.0,85.601219512195115,39.501219512195121,0.46145627056829031,24.276829268292687,8.5231707317073155,0.35108253378208659,22.686585365853659,16.439024390243901,0.72461430951996986,41.85243902439025,9.0963414634146353,32.821951219512187,24.423170731707316,8.6170731707317039,3.9707317073170731,13.712195121951222,20.749999999999996,104.08414634146342
102.0,87.042682926829272,41.452439024390252,0.47623117338003507,24.840243902439024,9.1780487804878028,0.36948303794982562,22.065853658536582,17.395121951219508,0.78832762241627052,42.89390243902438,10.343902439024392,32.546341463414642,24.009756097560981,8.6121951219512187,4.0707317073170728,13.543902439024391,21.282926829268295,109.12560975609756
103.0,80.463414634146332,38.313414634146341,0.47615944225522888,20.769512195121948,8.0609756097560972,0.38811578885561626,29.647560975609746,22.749999999999993,0.76734811402245895,41.923170731707323,9.5853658536585353,32.373170731707319,22.119512195121949,7.3695121951219509,4.2426829268292678,13.793902439024391,21.035365853658533,107.58780487804877
104.0,65.937804878048766,31.356097560975609,0.47554051304814227,16.089024390243903,5.3865853658536578,0.33479875691654659,21.580487804878047,15.875609756097562,0.7356464737793853,34.656097560975603,8.9585365853658541,25.631707317073172,19.360975609756096,6.5890243902439032,4.0365853658536581,12.095121951219515,15.797560975609755,83.776829268292644
105.0,85.275609756097566,40.753658536585363,0.4779052140834596,18.430487804878048,6.3353658536585371,0.34374379673129096,26.282926829268291,18.210975609756098,0.69288233110616193,45.090243902439013,13.296341463414633,31.779268292682929,24.470731707317071,9.1963414634146332,6.4902439024390244,14.685365853658537,20.350000000000001,106.23048780487804
106.0,85.912195121951228,38.46829268292683,0.4477628889393595,23.791463414634148,8.598780487804877,0.36142293300527956,26.323170731707318,19.060975609756099,0.72411396803335648,45.484146341463415,12.259756097560974,33.163414634146342,22.409756097560976,7.3890243902439021,5.5841463414634154,15.454878048780488,23.023170731707314,104.3621951219512
107.0,87.167073170731726,37.989024390243898,0.43581851504679814,24.759756097560974,8.0024390243902435,0.32320346746786188,24.228048780487804,17.850000000000001,0.73674938339960749,44.708536585365856,12.331707317073169,32.482926829268273,21.814634146341465,7.635365853658536,4.4573170731707323,13.881707317073172,22.975609756097562,101.40975609756096
108.0,85.408536585365852,37.720731707317071,0.44165060326979366,23.71463414634146,8.0060975609756113,0.33760156330350727,24.324390243902439,18.458536585365849,0.75884889200842254,44.589024390243893,11.465853658536584,33.131707317073165,22.748780487804883,7.6134146341463405,4.8841463414634152,14.226829268292684,20.929268292682924,102.00365853658538
109.0,87.699999999999974,41.198780487804889,0.46976944683928051,28.757317073170725,10.54878048780488,0.36682074551545751,24.140243902439014,18.707317073170731,0.77494316746653225,46.386585365853655,11.826829268292681,34.553658536585374,25.254878048780487,6.7975609756097546,3.942682926829268,14.430487804878048,19.060975609756099,111.77439024390243
110.0,85.587804878048772,37.640243902439011,0.43978513009033643,19.218292682926826,7.1817073170731707,0.37369122406244054,24.231707317073166,18.471951219512199,0.76230498238550615,44.34390243902439,13.093902439024392,31.12439024390244,20.242682926829268,7.2231707317073166,5.0999999999999996,16.620731707317074,22.231707317073166,101.02560975609755
111.0,66.342682926829269,28.673170731707312,0.4321979375379128,17.317073170731707,5.8012195121951224,0.33500000000000002,20.298780487804869,15.741463414634147,0.77548813457494781,35.185365853658531,9.8024390243902424,25.474390243902437,15.826829268292681,5.4170731707317072,3.6170731707317074,11.859756097560975,14.847560975609754,78.786585365853654
112.0,81.82926829268294,35.856097560975606,0.43818181818181806,17.979268292682924,5.401219512195123,0.30041375568066209,24.821951219512197,18.458536585365856,0.74363761422816155,42.070731707317073,11.937804878048782,30.039024390243895,22.447560975609754,8.5817073170731692,4.8695121951219509,14.190243902439027,18.381707317073172,95.831707317073167
113.0,87.620731707317077,38.839024390243921,0.44326295425127715,21.495121951219513,7.295121951219512,0.33938499943265626,28.156097560975613,22.008536585365853,0.78166146916146906,44.846341463414632,12.478048780487807,32.234146341463415,24.006097560975604,8.874390243902436,3.6109756097560979,13.584146341463413,18.396341463414632,106.98658536585368
114.0,83.148780487804885,36.336585365853658,0.43700683464844087,14.884146341463413,4.824390243902438,0.32412945514133545,25.670731707317067,19.891463414634146,0.77486935866983386,40.953658536585372,11.701219512195122,29.331707317073171,21.709756097560977,8.1268292682926848,3.9231707317073172,14.246341463414632,19.220731707317078,97.782926829268277
115.0,81.435365853658539,37.737804878048784,0.46340805966126064,16.423170731707316,5.5963414634146345,0.34075889210663107,27.013414634146351,21.486585365853657,0.79540427068755326,41.606097560975613,9.9658536585365844,31.712195121951225,23.41951219512195,7.8560975609756101,4.6987804878048776,14.392682926829265,20.636585365853659,102.35731707317071
116.0,84.448780487804854,39.385365853658548,0.46638170055452893,20.954878048780486,7.3756097560975595,0.35197579002502472,24.180487804878048,19.421951219512199,0.80320758523300395,42.398780487804885,11.403658536585366,31.084146341463409,23.620731707317066,8.0365853658536572,4.6963414634146341,13.362195121951219,20.040243902439023,105.63414634146342
117.0,80.582926829268274,37.254878048780483,0.46231726141832385,17.247560975609758,6.0524390243902442,0.35091564731669372,29.27682926829268,24.039024390243902,0.82109384762777538,42.790243902439023,10.984146341463418,31.824390243902439,20.403658536585365,7.9170731707317072,5.9548780487804871,13.557317073170731,22.463414634146339,104.90121951219511
118.0,63.74024390243904,30.109756097560982,0.47238219144010563,16.042682926829269,5.6853658536585368,0.35438996579247434,21.33048780487805,17.124390243902436,0.80281287519295619,35.137804878048776,8.7999999999999989,26.335365853658541,14.941463414634148,6.0780487804878041,6.5353658536585373,12.901219512195123,16.419512195121953,82.881707317073179
119.0,79.31219512195122,38.052439024390246,0.47978042930069503,19.342682926829269,7.3231707317073171,0.37860160141226906,26.921951219512195,22.151219512195123,0.82279398441746698,43.681707317073169,10.390243902439023,33.246341463414637,21.313414634146341,8.3829268292682926,7.6353658536585387,14.78170731707317,20.159756097560972,105.64024390243902
120.0,82.828048780487805,38.90609756097561,0.469721285649082,22.465853658536584,8.1109756097560997,0.36103571816306601,25.050000000000001,20.328048780487801,0.81149895331288624,44.686585365853659,10.724390243902437,34.037804878048782,21.717073170731709,8.3878048780487813,6.0085365853658539,14.864634146341462,22.648780487804878,106.15487804878049
121.0,86.80975609756095,38.87073170731707,0.44776916160935049,22.813414634146341,7.6585365853658542,0.33570321270112796,24.70487804878049,18.531707317073167,0.75012340803633115,47.596341463414625,12.912195121951221,34.607317073170734,20.425609756097558,7.2085365853658532,5.3585365853658535,14.092682926829267,22.251219512195117,104.00487804878048
122.0,86.481707317073173,41.053658536585374,0.47470915885214704,23.826829268292681,8.3243902439024389,0.3493704575698639,25.373170731707312,19.596341463414628,0.77232529078150525,48.684146341463411,12.935365853658535,35.526829268292687,23.039024390243906,7.3073170731707311,6.0353658536585364,15.603658536585368,20.554878048780484,110.42317073170729
123.0,87.480487804878052,39.5890243902439,0.45254690941533998,25.882926829268296,8.5463414634146364,0.33019223520542784,25.853658536585357,19.168292682926825,0.74141509433962272,46.739024390243912,12.313414634146339,34.565853658536582,20.997560975609755,7.8304878048780493,5.0304878048780486,14.546341463414635,20.774390243902442,106.62560975609756
124.0,80.484146341463429,36.003658536585377,0.4473385153870631,18.404878048780485,6.242682926829267,0.33918632388020142,22.391463414634146,17.919512195121953,0.80028320897554617,39.34756097560976,12.242682926829271,27.249999999999993,21.162195121951214,8.0317073170731685,4.4512195121951228,12.436585365853659,19.273170731707321,96.392682926829266
125.0,66.109756097560989,29.399999999999995,0.44471499723298269,16.769512195121948,5.7682926829268295,0.34397498363755374,17.385365853658534,13.985365853658534,0.80443322109988769,32.737804878048784,8.9768292682926845,23.631707317073168,16.440243902439022,6.5134146341463426,3.8939024390243904,11.130487804878053,15.232926829268294,78.33536585365853
126.0,81.901219512195098,36.590243902439028,0.44676067243407452,23.284146341463412,8.2195121951219505,0.35300895616194417,20.521951219512193,15.907317073170731,0.77513667696695987,40.823170731707322,10.618292682926832,30.154878048780485,21.846341463414632,6.5597560975609754,4.2012195121951219,14.259756097560976,18.460975609756098,97.356097560975599
127.0,87.104878048780492,38.882926829268293,0.44639207011452409,25.20121951219512,9.4219512195121951,0.37386886039196709,23.57195121951219,19.213414634146339,0.81509648714367022,46.513414634146343,12.496341463414634,34.017073170731713,23.212195121951215,5.4073170731707316,4.7475609756097557,13.268292682926832,19.21463414634146,106.59999999999998
128.0,85.932926829268283,38.776829268292687,0.45124529908465205,27.251219512195124,9.9365853658536594,0.36462901637877027,19.507317073170732,15.513414634146342,0.79526131532883215,45.83536585365853,10.614634146341466,35.075609756097563,21.959756097560977,6.491463414634147,4.6573170731707307,13.362195121951221,18.375609756097564,102.77195121951219
129.0,85.993902439024382,38.497560975609744,0.44767779904984745,28.442682926829271,10.579268292682926,0.37195043519272813,23.026829268292683,17.337804878048782,0.75293930727677161,45.442682926829271,11.606097560975611,33.835365853658537,21.409756097560976,6.7695121951219495,4.5463414634146337,14.129268292682926,21.73170731707317,105.23292682926829
130.0,86.047560975609755,39.608536585365862,0.46030981164699053,27.70121951219512,10.393902439024389,0.37521461589258198,23.693902439024392,18.543902439024393,0.78264450048895984,43.663414634146342,10.300000000000001,33.502439024390242,21.276829268292683,6.9939024390243896,5.1195121951219518,13.126829268292683,21.259756097560977,107.86097560975611
131.0,80.39756097560975,37.571951219512187,0.46732700300336733,15.16341463414634,5.3743902439024387,0.35443139778027988,25.060975609756099,19.418292682926833,0.77484184914841858,39.514634146341457,11.168292682926829,28.53902439024391,23.310975609756095,7.6853658536585359,5.9256097560975629,13.59390243902439,22.820731707317076,99.403658536585368
132.0,67.518292682926841,30.79512195121951,0.45610042445588356,10.39512195121951,3.3048780487804881,0.31792585640544357,20.341463414634148,15.336585365853653,0.75395683453237372,35.520731707317069,10.55121951219512,25.163414634146346,17.418292682926829,6.6817073170731698,4.6243902439024396,10.953658536585364,17.562195121951216,80.241463414634168
133.0,81.713414634146346,37.184146341463411,0.45505559286620395,16.895121951219508,6.1743902439024394,0.36545402049949482,23.1390243902439,17.436585365853659,0.75355749973648156,41.892682926829266,12.147560975609757,29.826829268292688,22.659756097560976,8.4036585365853664,6.2585365853658539,14.174390243902437,21.341463414634152,97.974390243902434
134.0,81.142682926829252,35.995121951219502,0.44360280746051067,19.125609756097557,6.6000000000000005,0.34508703691895692,22.00365853658537,16.504878048780487,0.75009699052264023,41.359756097560968,10.991463414634147,30.156097560975606,20.342682926829269,6.9280487804878037,4.5414634146341468,14.006097560975611,20.701219512195124,95.014634146341464
135.0,79.234146341463372,35.435365853658524,0.44722341931909138,21.653658536585365,7.4621951219512193,0.34461590448299168,23.54512195121951,16.860975609756096,0.71611332677267314,43.957317073170742,12.003658536585368,32.002439024390242,19.821951219512201,7.6195121951219509,5.9134146341463421,14.059756097560976,19.25,95.243902439024396
136.0,80.519512195121948,35.958536585365849,0.44658164965316688,23.813414634146337,8.534146341463412,0.35837558252675777,22.958536585365856,17.023170731707317,0.74147455646446403,43.382926829268293,10.702439024390243,32.507317073170739,18.880487804878047,7.6536585365853647,5.0390243902439025,14.154878048780487,20.137804878048779,97.651219512195112
137.0,79.390243902439025,37.013414634146343,0.46622119815668206,25.984146341463418,9.7231707317073166,0.37419627352513252,22.856097560975613,17.087804878048779,0.74762565361220767,43.339024390243907,9.4987804878048756,33.823170731707314,20.093902439024387,6.6890243902439028,4.9560975609756097,12.871951219512198,18.773170731707317,100.60975609756098
138.0,85.93780487804878,39.758536585365853,0.462643148050916,21.212195121951218,8.3243902439024389,0.392434172703231,20.859756097560975,15.860975609756098,0.76036246711487876,40.642682926829274,11.887804878048781,28.980487804878045,22.532926829268295,9.0439024390243912,4.9682926829268297,14.14756097560976,22.071951219512197,103.49146341463414
139.0,66.448780487804896,30.239024390243895,0.45507267655263522,16.548780487804876,6.4146341463414629,0.38761974944731026,15.075609756097565,11.562195121951222,0.76694709593916832,31.547560975609752,7.8597560975609744,23.85243902439024,17.813414634146337,6.4134146341463403,4.4109756097560977,10.818292682926831,17.146341463414632,78.625609756097546
140.0,83.506097560975618,38.090243902439035,0.45613727637824031,19.891463414634146,8.0317073170731703,0.40377659248360004,21.154878048780482,16.931707317073169,0.80036893987433,44.965853658536581,10.879268292682926,34.174390243902444,22.603658536585364,6.8134146341463424,4.1731707317073168,14.658536585365852,21.23292682926829,101.10853658536587
141.0,85.341463414634134,39.47682926829269,0.46257502143469575,24.820731707317076,9.4548780487804862,0.38092664472067989,21.160975609756093,15.867073170731706,0.7498271092669434,45.395121951219508,10.792682926829269,34.348780487804881,23.351219512195126,7.6731707317073186,5.032926829268292,14.943902439024393,21.692682926829267,104.18170731707315
142.0,87.058536585365843,41.675609756097543,0.47870790609065933,27.015853658536585,10.939024390243903,0.40491129869543629,20.736585365853657,16.084146341463413,0.77564102564102566,44.649999999999999,10.386585365853659,34.317073170731703,27.364634146341459,9.303658536585365,6.0439024390243894,14.108536585365851,19.891463414634146,110.05487804878047
143.0,87.295121951219528,42.465853658536581,0.4864630773099381,31.641463414634146,13.079268292682929,0.41335851383642958,21.930487804878048,16.546341463414635,0.7544903519991103,46.013414634146351,10.003658536585364,36.213414634146332,28.998780487804883,8.4109756097560968,6.0304878048780495,14.949999999999999,20.858536585365847,114.98536585365854
144.0,87.157317073170717,43.121951219512191,0.49475996585932364,31.136585365853659,11.871951219512196,0.3812862290459032,22.50365853658537,17.740243902439023,0.7883271012843438,44.600000000000001,9.4890243902439035,35.020731707317076,30.259756097560981,9.4524390243902427,6.8243902439024389,14.31219512195122,19.41951219512195,115.76829268292686
145.0,80.40609756097561,36.734146341463415,0.45685771919979373,18.486585365853657,6.2731707317073173,0.33933636783428989,26.650000000000006,18.623170731707319,0.69880565597400801,42.134146341463421,11.606097560975607,30.429268292682934,22.17439024390244,7.041463414634145,4.8353658536585362,15.520731707317076,21.21097560975609,98.634146341463421
146.0,65.452439024390245,29.762195121951223,0.45471483669020518,17.626829268292685,6.3500000000000005,0.36024629860246299,18.743902439024385,12.742682926829268,0.67983083929733268,33.504878048780498,9.8256097560975597,23.815853658536582,16.946341463414633,6.7621951219512209,3.8158536585365859,10.071951219512194,17.219512195121951,78.660975609756079
147.0,80.684146341463403,38.613414634146338,0.47857499130907938,21.382926829268296,7.6865853658536594,0.35947302383939772,23.095121951219507,16.381707317073165,0.70931460555496872,41.656097560975603,11.38658536585366,30.167073170731705,23.748780487804872,9.4597560975609749,5.5621951219512198,13.608536585365853,20.75487804878049,101.07682926829266
148.0,82.534146341463426,39.186585365853652,0.47479239930257972,24.024390243902438,8.4609756097560975,0.3521827411167513,29.101219512195115,21.24634146341463,0.73008423081758378,43.103658536585364,10.524390243902438,32.65975609756098,24.576829268292684,8.7426829268292661,4.8097560975609754,13.362195121951219,21.451219512195124,107.909756097561
149.0,83.239024390243898,39.256097560975611,0.47160689170182846,26.884146341463417,10.178048780487805,0.37858924926287135,25.176829268292682,17.853658536585371,0.70913054008234466,42.612195121951217,9.562195121951218,33.12926829268293,24.773170731707324,7.7926829268292668,4.9451219512195106,11.668292682926829,21.432926829268293,106.72682926829268
150.0,82.484146341463429,38.284146341463419,0.46413945030087078,26.76707317073171,9.7548780487804869,0.36443573739122503,26.134146341463413,18.26707317073171,0.69897340177321521,42.042682926829272,8.7536585365853661,33.374390243902447,22.823170731707322,8.8499999999999996,5.7841463414634156,12.442682926829265,21.208536585365852,104.54268292682929
151.0,83.120731707317063,39.752439024390242,0.47824938746167056,27.412195121951225,10.231707317073173,0.37325384820713586,26.054878048780491,19.281707317073167,0.74004212497074628,43.047560975609755,9.0512195121951233,34.185365853658539,22.543902439024389,7.3585365853658535,4.2536585365853661,12.442682926829271,19.842682926829266,108.65731707317073
152.0,82.442682926829264,38.151219512195127,0.46276052837891818,17.953658536585365,6.2853658536585355,0.35008830321967122,24.252439024390242,18.664634146341459,0.76959822999949701,44.059756097560978,12.031707317073167,31.847560975609753,21.878048780487802,7.3658536585365848,5.0195121951219512,12.665853658536584,18.919512195121957,101.41341463414635
153.0,64.93780487804878,29.653658536585361,0.4566470731844729,13.536585365853657,4.4451219512195115,0.32837837837837835,19.336585365853654,14.645121951219512,0.75737891019172565,37.142682926829266,9.6743902439024385,27.463414634146343,18.125609756097557,4.8621951219512196,4.3560975609756092,11.69390243902439,13.532926829268293,78.4121951219512
154.0,80.941463414634157,37.056097560975601,0.45781353582836121,24.712195121951222,8.7548780487804869,0.35427358863008285,27.923170731707312,19.321951219512194,0.69196838013713591,44.89146341463416,11.403658536585363,33.212195121951218,22.213414634146339,7.0000000000000009,5.1573170731707307,14.756097560975611,17.720731707317071,102.22439024390245
155.0,85.135365853658541,38.279268292682914,0.44962828207589045,24.752439024390249,9.4780487804878071,0.38291373109326504,22.408536585365862,17.050000000000001,0.76087074829931944,41.007317073170739,9.2292682926829261,31.774390243902438,24.599999999999998,7.4256097560975602,5.5341463414634147,14.734146341463415,19.812195121951216,103.08292682926827
156.0,85.571951219512201,37.198780487804882,0.43470763442545857,18.93780487804878,6.4585365853658541,0.34103934574022798,23.552439024390242,17.467073170731705,0.74162481230259403,43.77682926829268,11.652439024390242,32.318292682926831,20.875609756097557,7.0439024390243903,4.3878048780487804,12.473170731707317,21.258536585365853,98.367073170731729
157.0,84.899999999999977,34.913414634146342,0.41122985434801357,24.608536585365851,7.63170731707317,0.31012438673868875,24.663414634146342,19.37073170731707,0.78540348101265811,42.889024390243904,10.698780487804877,32.195121951219519,18.032926829268291,7.3170731707317076,4.2475609756097548,13.05121951219512,20.231707317073173,97.281707317073185
158.0,87.608536585365869,39.239024390243891,0.44789042163727205,25.739024390243902,8.8463414634146336,0.34369373637828105,22.493902439024392,16.976829268292683,0.75473027920845748,43.596341463414625,11.331707317073171,32.18292682926829,20.969512195121947,8.2207317073170731,4.057317073170732,14.668292682926833,20.842682926829266,104.58048780487803
159.0,83.591463414634148,39.269512195121941,0.46977897731417301,22.600000000000005,8.5219512195121947,0.37707748758903509,23.658536585365855,17.969512195121951,0.75953608247422677,40.236585365853664,9.9780487804878035,30.185365853658539,23.67439024390244,6.6378048780487822,4.2731707317073173,13.576829268292681,20.401219512195119,104.94146341463411
160.0,66.452439024390259,30.554878048780488,0.45980070103319803,15.851219512195124,5.4585365853658541,0.34436067087244188,17.071951219512197,12.921951219512195,0.75691120794342448,33.56219512195122,8.7146341463414618,24.854878048780495,18.12439024390244,5.2963414634146346,4.5097560975609756,10.89878048780488,15.081707317073173,79.096341463414646
161.0,84.450000000000003,37.348780487804881,0.4422590939941371,17.679268292682924,5.7402439024390244,0.3246878664551287,19.719512195121951,14.700000000000003,0.74545454545454559,41.642682926829266,11.714634146341465,29.98292682926829,22.693902439024392,7.9231707317073186,5.2926829268292686,14.970731707317077,20.45121951219512,95.257317073170711
162.0,83.471951219512192,38.869512195121949,0.46565956141247972,25.095121951219515,9.3707317073170717,0.37340849450869851,24.553658536585367,18.653658536585368,0.75970994337935838,43.075609756097556,11.293902439024388,31.828048780487805,19.167073170731705,8.4670731707317035,4.5280487804878051,14.897560975609755,21.923170731707323,105.22682926829269
163.0,85.759756097560995,38.675609756097586,0.45097620977489605,24.995121951219513,8.606097560975611,0.34431108508977365,21.446341463414626,16.552439024390246,0.77180711929944312,43.223170731707313,11.032926829268293,32.248780487804865,20.236585365853667,8.6475609756097551,4.7682926829268286,14.569512195121952,21.268292682926827,102.23658536585364
164.0,85.640243902438968,37.185365853658531,0.43420434318262752,25.854878048780485,8.9341463414634124,0.34554973821989526,23.369512195121949,17.390243902439018,0.74414235766842329,44.74512195121951,11.621951219512193,33.271951219512189,20.800000000000001,7.782926829268292,3.7817073170731708,16.634146341463413,22.714634146341464,101.00731707317071
165.0,88.536585365853682,40.018292682926827,0.4519972451790632,22.667073170731705,7.4719512195121949,0.32963899499650295,26.430487804878048,20.424390243902437,0.77275873206293544,44.947560975609747,11.891463414634146,33.080487804878054,19.45121951219512,8.295121951219512,5.0097560975609765,14.862195121951219,24.757317073170732,107.79756097560974
166.0,85.141463414634131,38.289024390243917,0.44971066804170989,15.54268292682927,5.3036585365853659,0.34123185562965863,24.284146341463416,17.760975609756095,0.73138150956661463,43.851219512195115,12.963414634146343,30.884146341463413,20.290243902439023,7.5585365853658528,4.7975609756097564,15.687804878048778,22.004878048780487,99.481707317073159
167.0,69.573170731707322,30.357317073170726,0.436336546888694,15.809756097560976,5.0243902439024399,0.31780314717679731,18.615853658536583,13.847560975609758,0.74385849983622687,34.514634146341464,10.643902439024389,23.673170731707319,15.421951219512195,6.8621951219512196,3.9109756097560981,11.089024390243903,15.862195121951219,79.551219512195118
168.0,84.315853658536568,37.535365853658533,0.44517566062569613,20.560975609756099,7.5292682926829277,0.36619217081850536,22.607317073170734,17.392682926829263,0.76933865573416738,40.448780487804875,11.584146341463411,29.24512195121951,20.831707317073171,8.0634146341463424,3.9719512195121958,14.092682926829269,20.895121951219515,100.25121951219512
169.0,82.469512195121951,37.001219512195121,0.44866543438077633,18.087804878048782,6.1073170731707318,0.33764832793959004,27.262195121951212,20.663414634146338,0.75795124133303526,44.441463414634136,12.140243902439023,32.378048780487802,18.858536585365854,7.1012195121951223,3.858536585365854,14.709756097560973,22.698780487804882,100.3158536585366
170.0,80.792682926829286,36.685365853658539,0.4540679245283018,16.371951219512194,5.6731707317073177,0.34651769087523282,29.373170731707319,22.447560975609754,0.76421987876774877,44.068292682926831,10.979268292682926,33.396341463414629,20.385365853658534,6.7414634146341452,3.8292682926829271,15.630487804878053,20.848780487804877,101.37560975609759
171.0,86.386585365853648,39.969512195121943,0.46268193175882655,22.424390243902437,8.1207317073170717,0.36213835109854248,25.478048780487804,18.307317073170726,0.71855255600229728,44.175609756097558,10.593902439024392,33.764634146341457,24.641463414634142,8.9048780487804855,4.3951219512195125,15.686585365853656,20.310975609756092,106.55243902439025
172.0,82.069512195121959,37.785365853658533,0.46040685320296587,23.90243902439024,9.0939024390243919,0.38045918367346954,23.228048780487804,17.976829268292686,0.77392765264871122,40.892682926829266,8.6060975609756092,32.395121951219515,22.563414634146341,7.7060975609756097,3.9219512195121951,14.209756097560977,20.441463414634146,102.69146341463414
173.0,78.934146341463432,37.557317073170729,0.47580570404474232,21.573170731707322,7.9182926829268281,0.36704352741661944,22.660975609756097,17.440243902439022,0.76961575718437192,41.580487804878068,9.6487804878048795,32.014634146341464,23.889024390243897,6.8499999999999996,4.3536585365853657,13.415853658536584,19.247560975609755,100.21707317073174
174.0,66.136585365853648,29.282926829268291,0.44276441953090429,17.780487804878046,6.0280487804878042,0.33902606310013716,16.345121951219515,12.641463414634147,0.7734089382973961,34.421951219512195,8.176829268292682,26.289024390243892,17.032926829268291,6.8841463414634161,4.1914634146341454,10.892682926829268,14.87439024390244,77.019512195121933
175.0,83.941463414634143,38.706097560975593,0.46110820548582038,19.873170731707315,7.3682926829268292,0.37076583210603831,20.253658536585363,15.99390243902439,0.78967967244701365,41.842682926829241,9.3048780487804894,32.576829268292684,23.281707317073177,7.7926829268292668,5.5841463414634145,13.3890243902439,20.790243902439027,101.12195121951221
176.0,83.59390243902439,39.719512195121951,0.47514843829781023,22.65609756097561,8.8329268292682954,0.38986973840025851,21.163414634146346,16.771951219512193,0.79249740693788151,40.934146341463411,10.326829268292684,30.54878048780488,23.598780487804881,8.7451219512195131,4.3792682926829256,13.185365853658539,20.007317073170736,104.8780487804878
177.0,85.974390243902462,39.551219512195118,0.46003489411197307,25.629268292682923,9.0292682926829251,0.35230300723258468,22.329268292682926,16.930487804878052,0.75821955215729131,42.215853658536588,10.454878048780486,31.871951219512194,22.415853658536584,8.0219512195121947,4.4195121951219507,12.571951219512194,20.23292682926829,105.26951219512196
178.0,84.03780487804876,37.267073170731706,0.44345605200911331,28.487804878048781,9.8951219512195134,0.34734589041095892,22.391463414634153,17.767073170731702,0.79347530090953611,43.159756097560972,9.2804878048780495,33.957317073170735,22.140243902439021,6.7768292682926816,3.6609756097560977,12.278048780487804,19.393902439024391,102.25243902439024
179.0,82.247560975609773,36.26463414634145,0.44092048099876907,30.20975609756097,10.801219512195122,0.35754077183917332,18.546341463414624,14.845121951219507,0.80043398211467665,38.559756097560964,7.9451219512195115,30.775609756097559,20.806097560975608,7.4121951219512177,3.6804878048780494,11.262195121951219,19.190243902439029,97.820731707317066
180.0,85.068292682926838,38.68780487804878,0.45478525144790405,22.314634146341461,8.2695121951219512,0.37058694939337639,25.457317073170728,20.378048780487802,0.8004790419161677,42.830487804878047,11.850000000000001,31.141463414634149,23.813414634146348,7.0878048780487823,4.5719512195121945,12.874390243902436,20.147560975609757,105.98170731707319
181.0,67.619512195121928,30.35243902439024,0.44887101428365322,16.136585365853659,5.8695121951219509,0.36373941958887546,15.854878048780488,12.354878048780487,0.77924775017306347,33.887804878048776,9.3256097560975615,24.440243902439025,17.046341463414631,6.1256097560975613,4.0390243902439016,11.213414634146343,16.412195121951218,78.946341463414626
182.0,82.68780487804878,37.931707317073162,0.45873399799421855,28.810975609756095,10.625609756097562,0.36880423280423286,25.498780487804876,19.02682926829268,0.74618585298196949,43.551219512195139,11.219512195121954,32.381707317073172,23.212195121951222,8.3097560975609746,4.4329268292682924,15.860975609756098,20.202439024390241,105.97682926829268
183.0,80.571951219512201,38.039024390243888,0.47211248845903503,26.558536585365854,9.5426829268292668,0.3593075580861419,30.997560975609758,22.214634146341464,0.71665748682036345,45.218292682926837,11.228048780487802,34.15243902439024,21.128048780487809,7.6268292682926822,5.5926829268292684,15.297560975609755,20.371951219512201,107.69878048780488
184.0,83.360975609756082,36.876829268292667,0.4423752121247585,32.825609756097563,11.429268292682927,0.3481814466693911,25.881707317073168,18.514634146341461,0.71535598171794745,43.698780487804875,11.646341463414632,31.954878048780486,22.146341463414632,9.6475609756097533,4.9426829268292689,15.940243902439024,22.121951219512198,103.85609756097561
185.0,83.48536585365855,37.712195121951225,0.45172222384527738,30.917073170731705,10.704878048780486,0.34624487219943195,29.304878048780481,20.406097560975606,0.69633791094465258,42.963414634146339,11.331707317073169,31.656097560975603,22.18780487804878,10.146341463414638,5.2499999999999991,15.384146341463413,21.869512195121946,106.60609756097561
186.0,87.136585365853676,40.350000000000009,0.46306611431450484,40.103658536585364,14.33658536585366,0.35748821651208762,26.552439024390239,20.413414634146338,0.76879621549625687,44.376829268292688,10.915853658536582,33.575609756097563,25.296341463414631,7.9841463414634131,4.3829268292682917,14.425609756097559,20.059756097560975,115.33780487804879
187.0,82.830487804878061,39.181707317073169,0.47303484931022799,11.247560975609757,3.8902439024390243,0.34587444432397263,24.070731707317073,18.109756097560975,0.75235586178944169,40.951219512195117,11.771951219512195,29.100000000000005,20.656097560975613,9.4512195121951201,5.4158536585365855,13.45731707317073,20.70121951219512,99.917073170731712
188.0,66.145121951219522,29.592682926829269,0.44739025424510032,10.396341463414631,3.3097560975609754,0.31835777126099718,18.215853658536581,13.895121951219512,0.76280377585860626,33.74146341463414,10.218292682926828,23.699999999999999,15.797560975609757,7.835365853658538,4.1890243902439019,11.241463414634147,15.965853658536586,76.465853658536588
189.0,81.745121951219488,36.267073170731699,0.44366039593620865,13.575609756097561,4.5865853658536579,0.33785483291412138,21.302439024390235,16.602439024390247,0.77936798717655187,42.662195121951214,12.892682926829268,29.8829268292683,20.962195121951211,8.553658536585365,5.3048780487804894,13.231707317073171,20.31707317073171,93.474390243902448
190.0,82.03170731707317,38.085365853658537,0.46427615734546429,14.098780487804875,4.8987804878048777,0.34746129227575473,20.382926829268296,15.18780487804878,0.74512384827091049,42.330487804878047,11.709756097560975,30.897560975609757,21.735365853658543,7.63170731707317,4.7317073170731705,12.832926829268295,19.097560975609756,96.328048780487819
191.0,82.448780487804882,37.641463414634146,0.45654360430718255,15.223170731707318,5.0975609756097571,0.33485540334855407,22.848780487804873,17.673170731707316,0.77348420153714781,42.570731707317066,10.489024390243904,32.241463414634154,21.809756097560978,8.7573170731707322,4.2939024390243894,13.160975609756095,19.121951219512191,98.352439024390236
192.0,83.490243902439033,36.808536585365843,0.44087230872600841,18.658536585365848,6.1426829268292682,0.32921568627450992,24.719512195121951,19.259756097560974,0.77913172175629009,41.565853658536582,11.142682926829266,30.360975609756085,20.670731707317071,8.8085365853658537,4.3304878048780493,12.752439024390242,21.643902439024391,99.168292682926833
193.0,83.57317073170735,36.358536585365862,0.43505034291551137,26.554878048780491,9.3451219512195145,0.35191733639494838,23.353658536585368,18.26707317073171,0.78219321148825072,42.857317073170734,10.75609756097561,32.089024390243907,21.38414634146341,7.8341463414634154,4.1329268292682926,12.506097560975611,22.387804878048783,100.40487804878052
194.0,78.350000000000009,35.940243902439022,0.45871402555761348,15.00243902439024,5.4743902439024392,0.36490001625751922,23.112195121951221,17.641463414634142,0.76329674968341055,40.141463414634138,10.041463414634142,30.041463414634151,20.710975609756098,7.7987804878048754,4.5573170731707311,12.301219512195123,21.04512195121951,94.863414634146324
195.0,62.168292682926825,28.041463414634148,0.45105731884342271,9.4146341463414629,3.2073170731707314,0.34067357512953367,17.141463414634149,12.912195121951218,0.75327262379055182,33.063414634146334,8.7719512195121947,24.218292682926823,16.642682926829266,5.909756097560976,3.867073170731707,11.831707317073171,16.253658536585363,72.117073170731686
196.0,80.479268292682917,36.047560975609763,0.44791114209082794,18.060975609756095,6.6621951219512203,0.36887238352464558,19.948780487804875,15.601219512195124,0.78206382198312774,41.478048780487796,12.203658536585364,29.615853658536594,21.095121951219511,6.332926829268291,5.4390243902439011,13.567073170731708,20.293902439024389,94.013414634146329
197.0,82.52317073170731,37.776829268292687,0.45777239208500209,15.826829268292684,6.0024390243902426,0.37925720449992284,23.60243902439024,17.964634146341464,0.76113464916813078,41.669512195121946,11.414634146341465,30.518292682926834,21.34878048780487,7.9524390243902427,6.4036585365853647,12.918292682926831,22.586585365853651,99.810975609756113
198.0,82.706097560975621,38.025609756097559,0.45976791164717845,19.412195121951218,7.11829268292683,0.36669179545169001,22.012195121951216,16.440243902439022,0.74686980609418285,43.390243902439025,11.445121951219512,31.882926829268293,22.146341463414636,6.7707317073170739,6.2524390243902435,12.612195121951219,18.791463414634155,99.426829268292707
199.0,85.920731707317088,38.379268292682916,0.4466822794691645,23.764634146341464,8.4939024390243905,0.35741776568994715,22.185365853658539,17.263414634146343,0.77814423922603349,42.728048780487796,9.4865853658536583,32.942682926829278,22.206097560975603,7.7304878048780479,4.0499999999999989,13.117073170731711,20.909756097560972,102.93658536585366
200.0,86.965853658536574,39.101219512195115,0.44961577294144039,26.787804878048785,9.4146341463414611,0.35145224437767442,22.148780487804881,16.582926829268292,0.74870608963770491,43.645121951219522,8.5597560975609746,35.079268292682933,22.936585365853666,7.8817073170731691,5.459756097560974,12.22560975609756,18.112195121951221,104.40853658536587
201.0,80.72439024390242,38.43780487804878,0.47616098135782708,21.131707317073168,8.3426829268292693,0.3947945521698985,24.297560975609763,18.623170731707322,0.76646255771933347,41.949999999999996,10.237804878048783,31.807317073170726,22.426829268292678,7.4378048780487802,4.5109756097560973,12.88658536585366,18.910975609756097,103.49512195121953
202.0,66.584146341463409,31.862195121951213,0.47852524771515959,17.014634146341457,6.6585365853658542,0.39134174311926623,17.393902439024387,13.058536585365852,0.75075369838042494,34.718292682926837,8.2817073170731721,26.23170731707317,18.585365853658537,6.0268292682926816,3.5524390243902433,10.691463414634145,13.912195121951216,83.270731707317083
203.0,81.445121951219519,39.076829268292684,0.47979336677397616,21.441463414634143,8.0317073170731721,0.37458764645660347,20.989024390243902,16.612195121951221,0.79147057114635999,41.469512195121951,8.3073170731707329,33.147560975609743,25.198780487804875,8.5207317073170756,5.6560975609756099,14.095121951219515,17.431707317073176,103.05
204.0,83.395121951219522,40.529268292682943,0.48599087505849337,21.595121951219507,8.5756097560975615,0.39710865145696872,20.057317073170726,15.784146341463412,0.78695202772542117,43.191463414634143,9.3073170731707293,34.025609756097559,24.997560975609751,7.291463414634145,5.1439024390243882,14.015853658536585,18.28658536585365,105.3219512195122
205.0,83.52560975609758,39.081707317073175,0.4679008920880115,22.645121951219512,8.2853658536585364,0.36587861489579404,21.260975609756088,16.721951219512192,0.78650912011012986,43.460975609756098,9.9463414634146332,33.863414634146352,24.479268292682924,7.8926829268292682,5.4707317073170714,13.423170731707318,19.006097560975604,103.26219512195122
206.0,82.851219512195129,40.201219512195124,0.48522181989460977,18.540243902439027,6.9560975609756088,0.37518910741301048,20.317073170731707,16.385365853658531,0.80648259303721459,43.786585365853654,9.3658536585365866,34.45975609756097,24.66951219512195,8.2853658536585364,6.0170731707317087,12.565853658536584,17.324390243902442,103.59268292682928
207.0,83.90000000000002,39.28170731707317,0.4681967499055204,23.526829268292683,9.1548780487804855,0.38912502591747866,22.226829268292683,17.540243902439027,0.78914737188631634,44.339024390243907,10.25731707317073,34.121951219512191,23.940243902439022,7.9268292682926829,5.8085365853658537,13.001219512195121,18.54512195121951,105.60487804878046
